Designator,MidX,MidY,Layer,Rotation
C1,55.000mm,16.000mm,Top,180
C2,62.000mm,18.000mm,Top,90
C3,64.000mm,18.000mm,Top,90
C4,90.000mm,19.000mm,Top,90
C5,84.000mm,19.000mm,Top,90
IC1,73.500mm,11.500mm,Top,0
J1,33.500mm,7.000mm,Top,180
J2,24.000mm,6.700mm,Top,270
J3,54.000mm,7.300mm,Top,90
J5,69.000mm,13.000mm,Bottom,90
LED1,71.000mm,5.000mm,Top,270
MP1,46.000mm,6.700mm,Top,0
Q1,87.000mm,19.000mm,Top,0
R1,32.000mm,5.000mm,Top,90
R2,35.000mm,5.000mm,Top,90
R3,55.500mm,14.000mm,Top,0
R4,55.500mm,13.000mm,Top,180
R5,57.500mm,13.000mm,Top,180
R6,71.000mm,7.000mm,Top,180
S1,63.000mm,17.000mm,Bottom,90
U1,85.500mm,8.000mm,Top,180
U2,59.000mm,16.000mm,Top,270
